WeaponName,Weight,Standard,Strike,Slash,Piercing,Magic,Fire,Lightning,Holy,BaseSwingTime
Guts_Greatsword,23.0,28.5,0.0,0.0,0.0,0.0,0.0,0.0,0.0,1.50
Giant_Crusher,26.5,0.0,32.4,0.0,0.0,0.0,0.0,0.0,0.0,1.75
Rivers_of_Blood,13.0,0.0,0.0,8.5,0.0,0.0,11.2,0.0,0.0,0.70
Bolt_of_Gransax,13.5,0.0,0.0,0.0,9.2,0.0,0.0,16.4,0.0,1.20
Moonveil,8.5,0.0,0.0,7.1,0.0,15.8,0.0,0.0,0.0,0.80
Dark_Moon_Greatsword,10.0,8.2,0.0,0.0,0.0,19.5,0.0,0.0,0.0,1.20
Blasphemous_Blade,13.5,0.0,0.0,8.8,0.0,0.0,21.2,0.0,0.0,1.10
Sacred_Relic_Sword,10.5,0.0,0.0,7.9,0.0,0.0,0.0,0.0,18.6,1.00
Milady,6.5,0.0,0.0,14.2,3.1,0.0,0.0,0.0,0.0,0.85
